case_id,roi_name,original_firstorder_10Percentile,original_firstorder_90Percentile,original_firstorder_Energy,original_firstorder_Entropy,original_firstorder_InterquartileRange,original_firstorder_Kurtosis,original_firstorder_Maximum,original_firstorder_Mean,original_firstorder_MeanAbsoluteDeviation,original_firstorder_Median,original_firstorder_Minimum,original_firstorder_Range,original_firstorder_RobustMeanAbsoluteDeviation,original_firstorder_RootMeanSquared,original_firstorder_Skewness,original_firstorder_TotalEnergy,original_firstorder_Uniformity,original_firstorder_Variance,original_glcm_Autocorrelation,original_glcm_ClusterProminence,original_glcm_ClusterShade,original_glcm_ClusterTendency,original_glcm_Contrast,original_glcm_Correlation,original_glcm_DifferenceAverage,original_glcm_DifferenceEntropy,original_glcm_DifferenceVariance,original_glcm_Id,original_glcm_Idm,original_glcm_Idmn,original_glcm_Idn,original_glcm_Imc1,original_glcm_Imc2,original_glcm_InverseVariance,original_glcm_JointAverage,original_glcm_JointEnergy,original_glcm_JointEntropy,original_glcm_MCC,original_glcm_MaximumProbability,original_glcm_SumAverage,original_glcm_SumEntropy,original_glcm_SumSquares,original_gldm_DependenceEntropy,original_gldm_DependenceNonUniformity,original_gldm_DependenceNonUniformityNormalized,original_gldm_DependenceVariance,original_gldm_GrayLevelNonUniformity,original_gldm_GrayLevelVariance,original_gldm_HighGrayLevelEmphasis,original_gldm_LargeDependenceEmphasis,original_gldm_LargeDependenceHighGrayLevelEmphasis,original_gldm_LargeDependenceLowGrayLevelEmphasis,original_gldm_LowGrayLevelEmphasis,original_gldm_SmallDependenceEmphasis,original_gldm_SmallDependenceHighGrayLevelEmphasis,original_gldm_SmallDependenceLowGrayLevelEmphasis,original_glrlm_GrayLevelNonUniformity,original_glrlm_GrayLevelNonUniformityNormalized,original_glrlm_GrayLevelVariance,original_glrlm_HighGrayLevelRunEmphasis,original_glrlm_LongRunEmphasis,original_glrlm_LongRunHighGrayLevelEmphasis,original_glrlm_LongRunLowGrayLevelEmphasis,original_glrlm_LowGrayLevelRunEmphasis,original_glrlm_RunEntropy,original_glrlm_RunLengthNonUniformity,original_glrlm_RunLengthNonUniformityNormalized,original_glrlm_RunPercentage,original_glrlm_RunVariance,original_glrlm_ShortRunEmphasis,original_glrlm_ShortRunHighGrayLevelEmphasis,original_glrlm_ShortRunLowGrayLevelEmphasis,original_glszm_GrayLevelNonUniformity,original_glszm_GrayLevelNonUniformityNormalized,original_glszm_GrayLevelVariance,original_glszm_HighGrayLevelZoneEmphasis,original_glszm_LargeAreaEmphasis,original_glszm_LargeAreaHighGrayLevelEmphasis,original_glszm_LargeAreaLowGrayLevelEmphasis,original_glszm_LowGrayLevelZoneEmphasis,original_glszm_SizeZoneNonUniformity,original_glszm_SizeZoneNonUniformityNormalized,original_glszm_SmallAreaEmphasis,original_glszm_SmallAreaHighGrayLevelEmphasis,original_glszm_SmallAreaLowGrayLevelEmphasis,original_glszm_ZoneEntropy,original_glszm_ZonePercentage,original_glszm_ZoneVariance,original_ngtdm_Busyness,original_ngtdm_Coarseness,original_ngtdm_Complexity,original_ngtdm_Contrast,original_ngtdm_Strength,original_shape_Elongation,original_shape_Flatness,original_shape_LeastAxisLength,original_shape_MajorAxisLength,original_shape_Maximum2DDiameterColumn,original_shape_Maximum2DDiameterRow,original_shape_Maximum2DDiameterSlice,original_shape_Maximum3DDiameter,original_shape_MeshVolume,original_shape_MinorAxisLength,original_shape_Sphericity,original_shape_SurfaceArea,original_shape_SurfaceVolumeRatio,original_shape_VoxelVolume
oaizib_001,roi_1,29.0,59.0,4315311388.0,1.1253839728827735,15.0,7.994518019926236,260.0,42.90805431605542,9.598970249122551,41.0,0.0,260.0,6.526738833517655,44.78394782171299,0.8884126782222526,401514634.41977674,0.5617736476732416,164.50085730835013,5.116734654942241,4.9566124711941635,0.8085167590210793,0.8017520563599965,0.36124377830749044,0.37848998710560827,0.329740787486822,0.9812513493646311,0.2514884120879938,0.840043863736591,0.8382401322424189,0.9970552771627713,0.9727193597350754,-0.09851581282353386,0.43270672968324675,0.3050743989838586,2.237544754851109,0.36339898761965517,2.1087597789404224,0.4925908210082063,0.566939026159724,4.475089509702219,1.7106299542733778,0.29074895866687167,5.2008468066762745,108862.45081703212,0.050595363242005066,46.610040590567124,1208728.471769529,0.3001516769358078,5.325491987698623,387.8361246292925,1764.589840070012,94.10176574405443,0.2393850517678409,0.017894053928297498,0.13031919648648635,0.00772167551565514,277960.1877012739,0.3936274183886415,0.5259436289339333,6.441204737441145,25.369107725066776,111.96307757245351,6.364807988187362,0.24202801148991296,3.9847175332173,202678.4018683277,0.2841183653372778,0.32798823589010934,15.783721730063512,0.5445844276088155,3.9177126773920987,0.13959197277229082,11971.501920990117,0.3511013262454209,1.9592707262210922,7.322902308120949,75027664.81259349,333405256.20309705,17839989.11891454,0.5351819482339923,10030.985805202803,0.2941896883949557,0.5570147242916145,4.091436075925583,0.30467456082567673,4.361135077128091,0.015847062853307888,75023682.80174288,6325.625843684524,3.867290820016769e-06,24.53577333935386,0.001604157143318405,0.0008496046803856756,0.8804610682406618,0.6141160449716369,53.37466487281388,86.91299520643368,98.30813021973164,85.0612846527045,95.0776996022732,104.13477145936328,200175.0170142081,76.52350860345211,0.6943578259021257,23832.743516028477,0.11905953036255701,200196.56837380232
oaizib_001,roi_2,112.0,213.0,5933232522.0,2.631011496021181,50.0,2.9864539241429244,319.0,168.92947637486398,30.888932618062256,176.0,25.0,294.0,21.59602884167872,173.29685447874368,-0.5824800696497759,552052788.9651239,0.19160501265230506,1494.6317839411383,42.48152657687318,177.96812912608644,-12.415683315041266,7.58842940879723,1.4098795930171664,0.6862621898758493,0.8235139616789978,1.6488269733891323,0.7220345545829627,0.6670077497695343,0.6444962867573137,0.9905996042713411,0.939684835331764,-0.1875251805840216,0.7766446758502676,0.4729057097053657,6.398172010301961,0.06167052454750625,4.644843925813451,0.6920195819837367,0.15193430645195677,12.796344020603922,3.4327981946284334,2.2495772504535987,6.765000590301467,10716.123802292916,0.05424100322573794,26.59443311967114,37854.44432465264,2.4708547051327567,41.86729430820236,129.1030243211095,6029.377187254828,3.4171385479763923,0.035084134127893456,0.03999949184581286,1.2986522107666176,0.002769202479888843,22342.033016149187,0.17419666698017514,2.734134900330972,40.042945648217625,3.5872719399427497,158.15796161588034,0.11111700382331259,0.038682295146416495,4.113865108917988,66535.43316091727,0.5156165728430058,0.649051821309053,1.1733996817178505,0.7448777659126229,28.665416763257376,0.03120440280417596,695.7876402283015,0.13693911439250178,5.780682562638765,30.37689431214328,1166737.133831923,51611355.55835465,28272.103430995794,0.09236728541154471,1444.8193269041528,0.2843572774855644,0.5486405374807436,16.47957222874336,0.05453477050267749,5.750690889516737,0.025718118087717966,1165225.2388423076,185.78295283359176,5.55117824390071e-05,36.299591498123874,0.02156270987332276,0.0030450206470300557,0.8128996676500254,0.4513817209083479,45.60452239126617,101.03316168739158,84.4060176930193,73.39995716795701,97.21021353669857,98.01854524278788,18352.46165284731,82.1298235573119,0.21371106975860343,15744.17795045069,0.8578782644129948,18382.274560702732
oaizib_001,roi_3,33.0,72.0,4163863467.0,1.4438496600961737,21.0,10.440287911113375,304.0,51.37510115040335,12.394134885585121,50.0,4.0,300.0,8.81971211080028,53.80226423667596,1.2552555044575748,387423285.9244986,0.4193871748114714,255.2826187789254,6.867043613031848,19.878786865150573,2.0107559742496317,1.429053982767278,0.4707236992789868,0.504421217770131,0.4123436133423396,1.0926377177312239,0.2987681311013477,0.8024465627600821,0.7994605039275969,0.9972513572659275,0.9708150266736278,-0.14236968766905786,0.5707632045172315,0.3703339783666373,2.574385460815239,0.2145730279566324,2.673110547951435,0.5978950344834378,0.3327692197148462,5.148770921630478,2.158382832731424,0.4749444205115663,5.817151421300002,64556.54361911277,0.044879178185377594,40.3101140248025,603268.3203819105,0.47871964689610985,7.115278785805852,316.9754958802935,1989.7702161768345,60.61665155698243,0.1868083250134903,0.017383767767518127,0.1723329301031514,0.005274488251791227,208457.8422970401,0.36330018920350265,0.65894589058733,7.966784694245673,13.975168750333768,85.13316456180904,2.779746182571828,0.18676420194319165,3.9783988890813777,178181.32742262952,0.3070442389990917,0.3987207187897931,7.475064676872102,0.5635915069277677,4.837696890281719,0.10947467422233453,5030.843083485679,0.25547649215344703,2.5482874619743274,10.966890107657932,42868343.48679667,267580973.50096485,8087669.747300371,0.3825931817769669,5851.699674994922,0.2971612672656369,0.5599130866748359,5.97787024866802,0.22503782889873253,4.818948360902308,0.013689716445178567,42863007.54486645,3461.1173309333494,5.262279222650538e-06,42.40820239031512,0.002190587017291835,0.001724290348266818,0.862160144924202,0.6748468231870617,47.97279200741476,71.08693463333846,82.17399727424569,72.78894995352616,81.14424258609056,87.05285636652687,133823.68842341957,61.28832186569636,0.7563911349087004,16727.31972604408,0.12499520767293949,133839.5951023307
oaizib_001,roi_4,101.0,197.0,605682164.0,2.567123694042439,57.0,2.245831479769605,277.0,148.29396143632374,30.691850834604878,146.0,48.0,229.0,23.64720151484284,152.67845120998652,0.13291516611410192,56355203.781887375,0.1847029216028885,1319.610465402354,31.244866502330954,108.91032593174347,2.1784845333075245,6.9365675036013625,1.301370968462268,0.6816596981304405,0.8077849750466665,1.5599570241812917,0.6043262998589841,0.6666549099888648,0.6445305283885161,0.9896487011837555,0.9357095251945393,-0.20653424319539432,0.7651379090621261,0.4800033924292756,5.462232285784278,0.05607614092972721,4.536920850907529,0.6894694757149128,0.10390826368101952,10.924464571568556,3.386147817210609,2.0594846180159077,6.663514959130303,1600.2182580918293,0.06158712458499131,22.32270575832603,4799.136012007852,2.1796273204718957,31.884078051033367,116.07247046145557,3407.578955470885,5.191706588552166,0.043482236805113116,0.035901599724968515,1.1532529088448142,0.0021617890226287295,3089.627137490201,0.17846181783365095,2.3073175749366226,32.52121500209689,3.6389735142795487,111.63748692830775,0.16067451964610815,0.04356494200540461,3.9771833769728846,9326.516415628166,0.5202496002610167,0.6660597609679701,1.1221190509828651,0.7392225273797407,24.271755941676393,0.032534117996029295,83.82585278276481,0.1504952473658255,6.000812250804998,32.254937163375224,201091.40215439856,6134341.482944345,7910.935588805456,0.07888361791220042,148.2854578096948,0.2662216477732402,0.5286776643069104,16.85385426640188,0.04585333683144449,5.520602528860055,0.021437093484201208,198915.3555305577,33.887177977139345,0.00043495067374011993,28.61304995580806,0.021224491313853726,0.01973319513180647,0.6968111148352124,0.09096431355405515,4.1706645283272366,45.84945859948514,33.002096932345566,48.147088269191784,48.3738059902277,48.98563946237721,2410.305755406566,31.948412361298157,0.2935383948737841,2961.6515990215253,1.2287451881896037,2417.5670787373224
oaizib_001,roi_5,112.0,225.0,924612581.0,2.755935315412741,74.0,1.9594784644369927,292.0,165.6439012016868,37.62558931572679,161.0,54.0,238.0,29.99918635417782,171.2205704647588,0.14701841674292004,86029824.74740967,0.16068714565681294,1878.5817449632564,29.037991677353222,224.3170166236278,7.038849538429797,10.871211504361735,1.2003686739656536,0.8008297779120965,0.7358359193873485,1.5368651022699007,0.6373729524971907,0.6936955148268427,0.6760705241805778,0.9886573344565925,0.9363672973064543,-0.28478161331106633,0.8766096064030708,0.4615156432075793,5.159474322107633,0.05385247392756493,4.674488890292252,0.821997719479778,0.1181311331155363,10.318948644215263,3.602880900158883,3.0178950445818478,6.99409332094479,1599.9298963188432,0.05072861841906349,30.20490771688081,5067.911886870224,3.0923114008390007,29.577316972637053,152.8791971844383,4026.5880021560606,9.13625249364824,0.059523883103860226,0.03552545490130555,0.9726660538735239,0.003933055139758881,2953.1983087488115,0.15281268357057684,3.179015246849206,30.529526545444664,4.338803787562859,118.84113663569207,0.2615675206792,0.06111050798684585,4.343488447949181,9344.296224471009,0.47322650446860837,0.6124675920167217,1.5038644862982469,0.7088310874674136,21.809990612256666,0.045289831819672784,110.15853658536585,0.13433967876264127,5.6328658536585365,25.435365853658535,170708.74024390243,4708215.098780488,9015.069054395075,0.15058365000245807,215.5780487804878,0.2629000594883998,0.5235501380359527,13.137366204446659,0.08549818983548571,5.625075657646618,0.025999556105139668,169229.39979030337,52.34281864602072,0.00041239543117655027,21.359581210678037,0.03619457215857684,0.013806172763267354,0.8890600072826248,0.19200809059153576,7.003919735123547,36.477211525545464,36.511560032466036,39.41717241730485,41.027280422219924,41.033759551133286,2927.743856652182,32.4304299445513,0.374548534668065,2642.3970412261974,0.9025369604046328,2934.5205748488015
oaizib_002,roi_1,27.0,56.0,3223367711.0,1.062067890160897,15.0,6.472596175840945,226.0,40.632870831242045,9.077370824669208,39.0,4.0,222.0,6.346999657695994,42.32763611876353,1.0890499077073614,299912355.25281096,0.6027329211603037,140.59858741405435,4.730705408582849,3.266673422875899,0.6375226738545111,0.7119518695770105,0.325602075994306,0.3721384642923471,0.3032994986953612,0.9346057058819439,0.23278628563658968,0.8518661205013827,0.8505617517542715,0.9967920548353935,0.9725931895451546,-0.09814128680654448,0.4212977959444481,0.2855543980431817,2.1527000615937157,0.40953000359601754,1.9930848716818397,0.404368902686118,0.6173125758677254,4.305400123187433,1.6353332263612128,0.259388486392829,5.012633478869705,100737.99305829994,0.055992708162514344,47.09771859722846,1084393.0722483739,0.26706233922029265,4.92290594271555,408.77133909946326,1793.2554839096963,99.50581688942191,0.260926058643005,0.016720965570793507,0.10893030488613849,0.00771429914935002,206069.77501260236,0.3728283264650472,0.563284410956154,5.778556433851354,29.196003082970964,125.35185482303577,7.243185225439329,0.29771846204396335,4.072457977769124,154057.37485675234,0.27580825883976956,0.3070108233262363,18.261036708453997,0.5371467396212243,3.4019663160377904,0.18273079644407592,9429.431323706845,0.3670039047097204,1.7067287307417418,6.7530844977231155,74734319.8622582,315862316.8946795,18239706.625567324,0.5331171984276383,7321.21001829292,0.28494959787852414,0.5476025619155608,3.7523058844163035,0.2931136508839023,4.363741771009105,0.014280815084204729,74729416.49967632,5449.128932997254,5.155995888044003e-06,18.56558817869868,0.0016107572363073944,0.0008063703687181327,0.8646251442782819,0.5229180797437589,46.44991533906601,88.82828331701107,98.56304260698214,89.04196930802502,87.69192185537509,106.71845844729046,167375.9236321914,76.80316727896279,0.6863602533015264,21399.025176984793,0.12785007970446902,167396.4822963147
oaizib_002,roi_2,103.0,228.0,4379139275.0,2.920358783603052,70.0,2.446230234916498,331.0,171.56051650384416,38.83301714222863,178.0,32.0,299.0,28.74759541784294,177.88481893717804,-0.34270698986212833,407449007.27999413,0.14894616607521147,2209.9979852468373,45.38327345825505,353.48153656182546,-15.162294479064554,11.736209592959991,1.742441556806947,0.7412622619670544,0.909350411867047,1.7682183020332092,0.9029297613612852,0.6508467130940938,0.6235459118643121,0.9901421172539381,0.9387331346114606,-0.21891059403302351,0.8385198831742765,0.45970057391576546,6.548605685387541,0.04254744383885896,5.104252597641639,0.7494958249185709,0.10530712059796986,13.097211370775081,3.7663427437320545,3.369662787441735,7.0750984604354406,7627.584860396555,0.05511579325681076,27.439215274179794,20612.957815480662,3.622764160601984,44.357600150297706,120.37955951211053,6144.167516908492,3.4970099009964315,0.03820442010101032,0.046082481166507656,1.499326537481683,0.0034720308595078274,13155.99726869186,0.1423733578427965,3.7603559899960732,42.03379454742227,3.401854634058755,161.01785251775695,0.11543427890453573,0.04180895939515818,4.285100581845014,50591.33058583248,0.5445169166863888,0.6676708747059634,1.1228372912492346,0.7656231223915394,30.737742885287226,0.034376049327052134,546.1019297377536,0.13510686040023592,5.865031714254167,29.120237506185056,456909.6452251361,22068561.811232064,10908.480988509174,0.10060512096136956,1098.811479465611,0.2718484610256336,0.5371261757985258,15.124279834556784,0.06209664907083907,5.91626552579294,0.029206890571709346,455737.3706308893,114.68889417468021,8.861839391935509e-05,46.40960107679849,0.02916419436597815,0.005386813907166877,0.8421719084042777,0.4347573876559452,38.58579499903425,88.75247688618914,76.38580076901968,66.64299758603902,88.42370225761854,88.95574761325673,12844.532311470028,74.74484283484846,0.21829705295057128,12150.153990003124,0.9459397738563956,12876.430612153332
oaizib_002,roi_3,23.0,51.0,1671760469.0,1.15183129385597,14.0,11.18909884260546,237.0,35.32835584449112,9.120090663240468,33.0,0.0,237.0,6.050482050025201,37.43345278292807,1.6683916143370243,155545896.28894308,0.5742333748185869,153.17066057671525,4.005390975522181,6.596803632464451,0.8175703608488332,0.8506097665782602,0.3518503514367289,0.41452780105866666,0.32653955385171796,0.962129763018884,0.24411059273349314,0.8404235451398634,0.8391896713260392,0.9965396181860181,0.9704979374228244,-0.12379656335238601,0.48667867936554254,0.3088532923413702,1.969949336132393,0.37460622234212454,2.1314950657467353,0.5064935731191039,0.5871150050500062,3.9398986722647864,1.7575321846688148,0.30061502950374724,5.141673812579245,62878.32317998253,0.052704375870661735,43.71300724024957,685082.2370268173,0.30961016572884764,4.215358605509632,383.82640619997017,1592.019949909391,105.33449554362146,0.3464086635623577,0.01406099164248936,0.08558572339332743,0.006950383394468815,142858.0779130697,0.36372700127515145,0.6289678694498995,4.356165732869627,22.731613518328306,93.78697238646306,6.282997195135219,0.4511584712942345,4.053089150027294,108589.27275329207,0.273018985321653,0.32914755310521415,13.174594434590166,0.5316964913523982,2.413918070219657,0.28295398657159543,4181.475662773847,0.3564466509908658,1.7292732220989333,7.8038530389566105,68798463.9394766,273291805.27550936,18761162.99710395,0.44414395236415694,3426.6027619128804,0.2920980958070821,0.5542373320341684,4.226984567461583,0.25058089941200506,4.363690966656502,0.009832880427949487,68788121.13096821,4302.05846372833,7.140531295066793e-06,21.962675532701674,0.0020528398698086902,0.0011785499513135658,0.7842332234234455,0.6157972116836586,43.546441466444854,70.71555479665781,79.8021974292686,68.12929964742104,79.24056908764014,80.90462517136268,110989.26494872571,55.45748748436025,0.7613915426621817,14668.872242662908,0.13216478412970448,111004.03942902903
oaizib_002,roi_4,100.0,192.0,479589113.0,2.5371702764948747,54.0,2.364810333269064,251.0,145.26503164556962,29.038864052470853,145.0,39.0,212.0,21.837662365442526,149.39520557192552,0.041777099980458754,44622492.16637279,0.1910172967412174,1216.9980288895422,29.93517171430434,88.93779285068511,0.9492090096568124,6.047255520748964,1.415555322730366,0.615949523675947,0.8322928617575317,1.597776826118796,0.6668051205581235,0.6633905107922717,0.6399672377868312,0.9866069909468101,0.9284764770756068,-0.18385771149048372,0.7163427227911557,0.47342449920836854,5.364428942671806,0.059212218870523935,4.504146364281895,0.6351631884490897,0.10346716402613655,10.728857885343611,3.3056828685590536,1.8657027108698327,6.622023886564912,1296.4634214445273,0.060334299210932946,23.1764185323059,4104.579672375279,2.0254043309389744,30.46802866716307,115.0053983618764,3252.8654597915115,5.101331307956844,0.04619152126392048,0.03994383485647304,1.106942270199618,0.0029843285071509706,2627.552649569026,0.1825333247884776,2.2083074144925114,30.918133067977823,3.7458220394028805,110.6378117280984,0.16960799744788882,0.04744946926667189,3.9406219211278635,7972.978557683552,0.5311801049559958,0.6698944670370583,1.1824757723466475,0.7455592301866983,23.17018524570289,0.03642334028270738,92.63394342762064,0.1541330173504503,4.604322800878181,26.093178036605657,124284.39600665557,3715628.40765391,4820.624248080171,0.09714078173020611,140.4109816971714,0.23362892129313043,0.4894284282469301,12.101372057126923,0.05273868252897579,5.628598673919931,0.02796909903201787,123006.06581377129,35.05554620539706,0.0004921169549870094,24.191846192261,0.025755648012442425,0.016758475718719263,0.6701019532647301,0.11058499254138802,4.658185122562862,42.12312191294374,31.003725269850456,46.39385338867954,45.7016676319738,46.59629730710482,1992.480753077035,28.22678627147195,0.2968905617218698,2579.1928905651985,1.2944631392710269,1999.3116725963262
oaizib_002,roi_5,115.0,230.0,771103523.0,2.8022357473058346,71.0,2.1371057198101213,278.0,170.55361164736163,37.28834316532645,167.0,48.0,230.0,28.772399486645284,176.10465873595473,-0.03363259405901913,71745917.4569085,0.156449340525716,1924.316382548024,43.410172625499925,226.46263977377595,3.114785061264423,10.498700105549595,1.40769602221222,0.7620675804639441,0.788594134642345,1.5958023905742165,0.7410441219802331,0.6833253702409698,0.6630482527155892,0.9890393533532204,0.9379151845111959,-0.2697790915784189,0.8558396635928947,0.4565506916079745,6.413797896160682,0.051951636314616516,4.75498656590898,0.7893154512284695,0.11955429025248088,12.827595792321365,3.621706884533954,2.976599031940453,6.963952399588232,1290.8417792792793,0.05191609472648324,29.69958902685435,3889.956402831403,3.1564385142562927,43.41389157014157,145.35030566280565,6326.150378056628,4.362510832610711,0.03379040605006015,0.035351867776591675,1.309864397891092,0.0020398696549846405,2309.635203485379,0.14861058695020526,3.3454375608951303,43.016507974179554,4.383264295813594,188.15642208285513,0.1414305241690583,0.03587159890709875,4.330134458872558,7899.646369765849,0.49121615228307214,0.6248422185922187,1.5518154545802458,0.7199617696930217,30.38729726726238,0.027437386187383565,76.22222222222223,0.12454611474219317,5.76959716348413,34.77450980392157,137551.88562091504,5956284.155228758,3932.4285002410543,0.07244399319517625,133.98039215686273,0.21892220940663848,0.46988181688339664,16.225407841132537,0.038217407670967374,5.843571161437275,0.024613899613899613,135901.29584775085,27.053946907142063,0.0005355884206080812,27.19433617115333,0.031348961550550385,0.021503545228489254,0.8564375712638262,0.16619788114946973,5.739357997466336,34.53328019449692,34.720100225985334,35.758914242269775,38.53345496526643,39.26122513385687,2307.5520699042595,29.575598617548135,0.3751969476625449,2250.742617498538,0.975381074539272,2313.425420115183
oaizib_003,roi_1,27.0,69.0,4938798184.0,1.5273843229235562,23.0,4.946100096057669,298.0,46.74264801723561,13.536248642312515,44.0,0.0,298.0,9.510820010108747,49.854728038571814,0.8493201502353525,459534436.3712448,0.42100450677784607,300.6187641367787,6.09341862824347,12.430526270064737,1.7518491814691968,1.647300285684165,0.4399023951194879,0.5783944816388613,0.38899412537683165,1.068766016873353,0.2867957326315305,0.813389690215312,0.8105384240779044,0.9969851693243311,0.970351275969802,-0.19048100054890058,0.6563363875523833,0.34971115627463456,2.406567659638023,0.23165045309205778,2.751749271859557,0.5897808492604736,0.4132014000483251,4.813135319276046,2.2651051684906593,0.5218006702009134,5.8621926702146645,89030.22021852506,0.044805246482862306,43.28957767413238,836556.5841884121,0.527428911768815,6.321453572609433,338.1884830218077,1865.91159956297,76.05086100961746,0.23426318691136042,0.016601556204554276,0.14794359102075852,0.005930938743000785,244556.71596386295,0.3254408507351131,0.7819905134473756,7.199121424002888,16.99369031478655,89.40364405994954,4.082283873701939,0.2505286108912971,4.185045594027209,229168.7627101851,0.3014189220487442,0.37797612284502136,9.743952127392104,0.5590821223595412,4.340163273421551,0.1516589055349235,6159.779852677682,0.24526298437896407,2.3546363312477516,10.09683456101931,64144406.61743978,334779499.5135178,13966310.7820856,0.4061691777513826,7442.896635476806,0.29635264326007593,0.5594774324184716,5.613770406183126,0.2342292052561348,4.857406265048446,0.012639346085577156,64138146.956806585,5046.329301355104,4.319657480382469e-06,33.91832275619243,0.0026979924840863086,0.0010444961781077976,0.8781731057899799,0.5487382536277498,48.678047755220746,88.70904740722288,99.82125087949102,88.63575206193919,88.27409616339567,105.87794524560505,184865.51944881605,77.90189967327149,0.693980456287978,22613.831993628744,0.12232585103513512,184886.5671845492
oaizib_003,roi_2,114.0,226.0,5124799993.0,2.734689971554113,58.0,2.8650385578684117,310.0,178.7923934970927,34.567090724433626,188.0,24.0,286.0,24.685891643053353,183.80855075332337,-0.6536363180743406,476841123.8037772,0.17779396237443296,1818.863357617822,63.32287865786392,243.05979563935335,-18.364164249818085,8.884825836862866,1.809451676641675,0.6611867440547214,0.9278794678702978,1.7905199586019371,0.9350317735008431,0.647043547396114,0.6186533445241612,0.989776142184223,0.9376178792495939,-0.16951589913398696,0.7579789360258006,0.4572235631700327,7.8456160958561,0.05623553134813432,4.841409359767796,0.6693305594592259,0.1464663618984655,15.6912321917122,3.513545372304004,2.6735693783761354,6.731234208755133,8396.945083923369,0.05535741653101386,27.500934598115045,26968.854976728242,2.9898244839510566,61.85982885698087,117.93829358015901,8499.120340703823,1.8978884506272353,0.02144740279354248,0.04896231439946907,2.1807651373986814,0.001807856538627688,16360.13334662087,0.16028797382161938,3.2321059615499688,58.39499975602742,3.374812096782438,224.00474315213475,0.06415497362530168,0.02342076789954077,4.10146678214914,56826.6108674809,0.5538796410017168,0.6726978505191392,1.129698829746066,0.7720241283291506,42.9524471243586,0.019343132854139612,738.4203539823009,0.14851575904712408,5.075125894065496,39.33246178600161,662416.3889782784,47077185.995977476,9750.726744258229,0.045350452782643186,1342.7751407884152,0.27006740562920656,0.5343878174835581,20.49503957432547,0.026169663062880592,5.800353336343701,0.03277823925741334,661485.6481653656,107.54618107517248,7.184705439694434e-05,46.852663886036396,0.024442848584698983,0.004688472936974417,0.8776232884014245,0.46614786045612755,41.44542386366908,88.91046678432582,77.8285805069609,67.47845776265444,89.40587098967076,89.43504599333383,14085.273458478528,78.02989623256565,0.20903998278209554,13492.682020562432,0.9579282972628841,14113.745473793313
oaizib_003,roi_3,24.0,58.0,2167174777.0,1.3157475163892383,17.0,9.887985811686299,278.0,38.91529774942069,10.89010451002057,36.0,0.0,278.0,7.522252818103916,41.4706666178392,1.536486352021322,201646514.50893807,0.5120643388021036,205.4157908018954,4.579051188301905,10.581840473557607,1.3223218016329221,1.1662598307562169,0.3882718289318729,0.5003455410298834,0.34745639164433484,1.0018847036007228,0.26614532587305995,0.8318682483076507,0.8301207465211509,0.9973460558512091,0.9734836648207644,-0.1610827585009385,0.5784172384165642,0.32152095719217094,2.0939326287007956,0.31582627500207633,2.4012033760622837,0.5392793910281172,0.5319141826177092,4.187865257401591,1.9903556499166883,0.3886329149220226,5.495913114622891,60803.215568358566,0.048251924870931794,44.06882426680187,645262.5146113068,0.3960752122998976,4.802519601307812,369.54052312478177,1649.473320794845,98.38618451231444,0.3127855126982542,0.014862439579671344,0.10958554534217482,0.006504910454750195,147297.32764415065,0.3390780399741352,0.7254054587955097,5.2864116103148895,21.650821677953015,94.89652811966397,5.745776188295516,0.3754776596959169,4.1690596204700565,125399.81573787579,0.2849321149394334,0.34458329975899726,12.90655025900876,0.5426778201034475,3.088663745760392,0.22859704332615338,4221.001562389035,0.2997657526020194,2.243085395105225,9.01505574888147,56679272.11092962,237518778.81308144,14716282.322287368,0.43988775169863786,3945.236346850366,0.28018154583128796,0.5420274338116993,4.817407659256711,0.24452481290445216,4.703596008224497,0.011174332603244136,56671263.50707046,3487.5309256103815,6.833139366878702e-06,33.769190087893755,0.0018842768984297833,0.0019216583325495273,0.8415504381901978,0.6581290992712798,45.38288132238795,68.95741484860434,80.77118153535035,68.03265859161023,78.30922311437942,81.46503577971282,117233.52305704741,58.03114268230624,0.755840451283498,15325.754740182414,0.13072843279413088,117248.87561433771
oaizib_003,roi_4,105.70000000000027,215.0,667184622.0,2.776544724263414,64.0,2.377482213627916,289.0,161.67165176706493,34.71737531832746,163.0,49.0,240.0,25.99164658893552,166.94717806544492,0.01586230050524084,62078728.02326518,0.16184486839700585,1733.6372789242685,38.402837682131214,196.59583707054952,0.9533981357006653,8.988828970150276,1.5144057522873768,0.7081885660469192,0.8742579862999695,1.625372668841134,0.6810571912076496,0.6508549545862301,0.624857911729262,0.9880460062753162,0.9310199258181933,-0.2230056868286965,0.793276311320645,0.4766382504137842,6.044327405434523,0.04696584021601058,4.828104845669649,0.7161531708481401,0.08795822233431935,12.088654810869043,3.5897047883154993,2.625808680609414,6.863144602499339,1486.637897902916,0.06210368025327579,21.60528040239525,3874.242459687526,2.8596385571099754,38.68689949035007,108.11128749268944,4140.151599966581,3.79824476233431,0.03782109320825974,0.04099222734094131,1.3983494886567023,0.0024476710640156064,2557.40781726564,0.15686481313571904,3.0323348661607445,38.599847254956494,3.726999989962982,142.51135833872488,0.13758836604358227,0.03909148340201206,4.130484388702363,9271.011123242053,0.5452671862808882,0.6807361324447128,1.2101997641365108,0.7556254673540407,28.898242279078993,0.030595017277401344,85.22222222222223,0.1333681098939315,5.851837157530472,32.280125195618155,124699.25195618153,4838953.541471048,3861.8587621070674,0.07556431718563601,160.74021909233176,0.25154963864214674,0.5038417424886238,15.096476631438984,0.04429601988100706,5.614838817286987,0.02669395939510402,123295.87607299161,28.65390547677669,0.0005066236856431181,28.55501696391616,0.029592758989000628,0.020765079233434,0.6341262116887425,0.10545448506449366,4.750235870559988,45.045365947734204,30.461769563420507,47.828554799163555,46.93798492924204,48.07890616088694,2220.130981736281,28.56444726256977,0.30835514749709725,2669.0209747848457,1.2021907701578511,2227.3304006412213
oaizib_003,roi_5,106.0,227.0,772747946.0,2.8328708857236933,77.0,2.0022323969318396,299.0,161.57745552836323,39.803948983709915,154.0,37.0,262.0,31.48233507137667,168.00646798306195,0.2012764561032612,71900952.13296269,0.1543087859828774,2118.8991491234283,38.593244099533635,281.4931681532392,11.54256032495931,11.880889878468448,1.3723454434133322,0.7921952448940826,0.7791368070787159,1.6017388916063398,0.7348106830414758,0.6856215380759882,0.6654934611318608,0.9892968372084552,0.9385611768780238,-0.27851361675746467,0.8736638213948432,0.45410560310329073,5.9971533429972474,0.05231095175568201,4.7966919538233315,0.8152039138275793,0.1267721479804202,11.994306685994498,3.6610724600659372,3.3133088304704446,7.071083744213697,1382.46517149432,0.05049732152881324,31.688875853415627,4224.511633853234,3.4795002203395216,39.291704715637216,149.09497023048544,5339.3497096102565,5.862213249274799,0.03963683539768762,0.03713293139266772,1.3796376527999452,0.0023131722794692503,2449.990374918785,0.14384823498645152,3.623384910918585,40.34287556756705,4.428652236531249,164.20574560063355,0.17530185264826684,0.04043159690342732,4.383094985088087,8619.379384316142,0.4933274274445473,0.6217150274936007,1.619752451567089,0.7242148954257865,29.472113844544555,0.030139560895032304,90.48753462603878,0.12532899532692351,6.1748221698728525,34.609418282548475,137293.7105263158,4944606.671745152,5007.4492895629555,0.0812615207019167,175.22160664819944,0.24268920588393275,0.49962628145992244,17.847851351759957,0.04250115308957476,5.771751382651556,0.02637250246557329,135855.9143748897,33.08656448195341,0.0004944199746165578,26.801952977560724,0.03419132991868594,0.020042722409945916,0.8069203770297517,0.19246892007602645,7.071009218874761,36.73844699747714,33.952181340624,37.20358209554984,40.07921210127499,40.1899184862458,2540.952905932625,29.6450015026918,0.37589887740786543,2395.5808884316825,0.942788385742401,2547.314912622388
oaizib_004,roi_1,31.0,77.0,5103831770.0,1.644461219843842,25.0,3.5077467562054574,248.0,52.41548812865236,14.450090273448048,51.0,0.0,248.0,10.338399482156584,55.45670363868338,0.4265662647172462,474892261.80235714,0.3694557616092155,328.06258270386144,7.255713952176066,11.116009868854642,1.0260467121191719,1.8857635920878875,0.45055110033302154,0.6142029948892354,0.4051442718655144,1.0746731927270508,0.2844554472528448,0.8045693095119931,0.8019285654863028,0.9955716342554511,0.9635061391773743,-0.21324344916644003,0.7030566206200055,0.3691614740071719,2.6261961146102064,0.18472577002070847,2.925280457380107,0.6164685771112631,0.29614965269285876,5.252392229220413,2.4204742701348545,0.5840786731052273,6.091076048862291,75177.77827979045,0.04530031676196833,39.510155880228226,613127.3535324807,0.5904918465939633,7.462869876146551,318.02200727670646,2162.0632861355725,61.91175712397128,0.19864668111531153,0.016194790277562827,0.16097572242739336,0.004657804909400851,212489.56075038895,0.32279302312636465,0.7588307565135934,8.122512671777324,14.065769288960787,92.24966834296674,2.8891566052522766,0.20631614731632608,4.175078534781742,200947.65958449367,0.3014600087173139,0.39658944826575415,7.470632402562479,0.5569164724520641,4.773823212956229,0.12099612763896181,4173.550627784528,0.2112976219007963,2.325093481979297,11.288072093965168,49766309.206865124,330244166.0216687,9043241.561013188,0.3342447757458293,6066.594268934791,0.30713822746733455,0.5701661797127004,6.44933286273991,0.19911476485101973,4.888668554432081,0.011902079007340579,49759250.025461644,4956.405057181175,5.169850072033509e-06,22.15288063071384,0.004643554865321805,0.0005832459305279593,0.878928616381243,0.5817442653855706,47.58694400790602,81.8004522594927,94.4206931751767,83.39400687899416,85.0911801391711,99.34188496236452,154394.62723151382,71.89675832379585,0.6972437961296253,19961.24329136721,0.129287162703113,154414.1126610855
oaizib_004,roi_2,130.0,251.0,5885818620.0,2.839812115056852,64.0,3.1879496712274724,347.0,200.27269652815255,38.146890535966996,212.0,28.0,319.0,26.975986126178118,205.79513125836874,-0.8331118257629463,547653183.5237643,0.16815052430256333,2242.4830749917323,62.046991195888374,362.34324352752503,-27.85157547420151,10.421476564146307,2.342248235322169,0.6325934935001634,1.0477609327910824,1.930785005613525,1.2293384335764617,0.6255250635591808,0.5921573641459708,0.9869908160218207,0.9307309944993383,-0.15153568298150047,0.7383194499811672,0.44854703243085375,7.747692282433075,0.05121697447100648,5.04594621796618,0.6515170408970731,0.14133009626534532,15.495384564866153,3.596948823947374,3.1909311998671197,6.743488906288274,7939.323842417701,0.057127712483667575,27.239453001278438,23368.719114948733,3.6731520494293,60.39586256520957,107.85058463752473,7879.705637704623,1.734379007692559,0.026539478813143218,0.06081666904430747,2.444054439152172,0.0036503882116956663,14404.082514267366,0.1494624793073034,4.022660144792768,56.39965739454973,3.098352399145041,204.6168992421006,0.06728506525473842,0.03026098938188179,4.1438770320543625,55866.35785657279,0.5775560303209879,0.6931396072896343,0.9917691177413578,0.7879782337669288,42.01701096495507,0.02624515127351973,877.510522331567,0.13285549164747418,5.801597463899129,34.25465556396669,366214.3480696442,26732375.465707798,5186.608452433017,0.07612614690880926,1702.9409538228615,0.2578260338868829,0.5190869462465058,17.86938525278291,0.04400632027410421,5.949278305478872,0.047526533549199494,365771.62951747264,105.40752542204824,7.56445675039677e-05,51.78599067898873,0.03411857994435305,0.004636493774528554,0.8012015729686122,0.47130224685258393,41.928919773024035,88.96397174643377,70.53565031917815,66.67789800647876,86.70961923614,86.83905641745632,12901.502192415137,71.27807410077791,0.2145309120800887,12399.983263824084,0.9611270903875133,12931.098644731112
oaizib_004,roi_3,28.0,71.0,2701156069.0,1.5251923066594308,23.0,3.514503694199112,230.0,47.841591779708956,13.336039075276716,46.0,5.0,225.0,9.72626070263019,50.633672839281836,0.6399651955528958,251332366.1309812,0.4101940065945398,274.9509211791119,6.2625875805039,8.448339294791694,1.1221519917372051,1.6060913870095728,0.40165829588269136,0.5998330641763663,0.3683699587311361,1.02304318550939,0.26439890648549247,0.8209848609883869,0.8191097477029893,0.9960479886065592,0.9667582189437719,-0.21295866355569232,0.684925622997903,0.34257692199772255,2.441613768306705,0.22491450988161757,2.7163134739556463,0.6118130823621509,0.3913701901828007,4.8832275366134095,2.2692837913612234,0.501937420723066,5.897666962270114,48641.2896274445,0.046167277557683364,42.094996343287065,432175.4830199281,0.5068320982299983,6.470655512401432,347.24846334620366,2055.947843938997,73.28417741172977,0.22636814378189038,0.01567483480481165,0.13505452041515412,0.0053060891336561,127733.90815794372,0.3305940361892604,0.7189611702641476,7.092771154068812,17.620526033815445,100.34140160170682,3.841229855441168,0.24874779069853656,4.220308398259363,113529.79391706939,0.2900874281173976,0.366590677249113,9.896090154806265,0.5467804021183839,4.087956318730057,0.14911086451782354,2951.2906585483097,0.2364437316574515,2.0502548698165732,9.64164396731293,35269285.323185384,194885418.4197244,7418990.048188381,0.3822300502494315,3769.8902419484057,0.30202613699314257,0.5649035952810364,5.507302032949066,0.22038269315855688,4.780751616487064,0.011847135692509786,35262160.513395235,3274.362235630321,8.315769030552739e-06,21.505141056421643,0.0037295896288869687,0.001038032905542779,0.8935515675046578,0.6940844960011326,43.97938937281145,63.36316345659979,74.95798311523437,64.92859836765811,74.93610087296359,75.90891919732883,98017.82077327663,56.618254028698594,0.7536028422225325,13642.007747544827,0.1391788517630883,98032.38250696141
oaizib_004,roi_4,116.0,241.0,717114402.0,2.9780555374056616,75.0,2.640562841132313,358.0,185.67015086761754,40.919885396189095,192.0,49.0,309.0,30.533614003944773,192.15798154588393,-0.040606769225215895,66724785.550058365,0.1459846909728627,2451.2849485844163,51.76957185787449,378.27579468349995,-2.9304257750839655,11.773185436414991,2.3751998777391212,0.6582977919631994,1.1443916676375383,1.8459063910553188,0.9323867569178821,0.5855228471028352,0.544127543284121,0.988365354833533,0.9285089817047366,-0.18896297177198595,0.7622692123541276,0.46817967188508214,7.029901231594737,0.03777023556740923,5.246250871390875,0.6701989704029876,0.08514860557858785,14.059802463189474,3.740005653067509,3.5370963285385284,6.642914118837608,1547.6247876010505,0.07968821315076723,13.504275207714391,2835.168683383966,3.990236262618309,52.22408732814994,68.99031975696411,3850.0369702898925,1.661262121991709,0.029013376380876345,0.0555932905770422,2.6415271323908813,0.0025227564523141984,2029.6649222096203,0.13902077583567854,4.205686719233753,51.550054220297135,2.892075685390994,152.3915875908058,0.0801268102117849,0.030187697396796546,4.0690453449334,9658.85164240134,0.6355170620729862,0.7519655567129949,0.8415313804948942,0.8136670183617707,41.383681450007785,0.02540848183528851,86.40466392318244,0.11852491621835726,8.898071469833903,45.5761316872428,60893.45816186557,3425556.9821673525,1333.8652756361469,0.05978525268092184,173.55418381344307,0.2380715827344898,0.49297338227686743,22.235802032541965,0.03246881222242653,5.923352997348698,0.03753668709129293,60183.73640347658,14.799432611466965,0.0005864121019515057,58.34124782213532,0.03041362299642374,0.04271192915563354,0.6792393500391904,0.1051674934426045,4.343556037247415,41.30131749900387,29.446580593047074,43.76367093190221,44.02355488227308,44.446386434259274,1800.5258031074538,28.053480053785634,0.3072416808716295,2329.5402848888148,1.2938111083264436,1807.0506693960992
oaizib_004,roi_5,119.0,249.0,701286924.0,3.031884079307943,79.0,2.384913792591263,352.0,182.7970286885246,41.95186402974671,181.0,35.0,317.0,31.8736661783238,189.54309330944105,0.04197018876868314,65252098.524943694,0.13553665534298573,2511.830523958193,50.48125161093929,387.26773612100015,5.947171103934986,13.0828721327852,2.4054190485480826,0.6893198487044656,1.066197913186255,1.8995745000804196,1.1886439875834927,0.6212099879378568,0.5865774019259304,0.9884054218824336,0.9339839761637075,-0.2049967890119822,0.8040746282008853,0.4462510977999108,6.914508924584224,0.03424391553939093,5.350772802850604,0.7264083414582883,0.06922704213974665,13.829017849168448,3.832723913211989,3.87207279533332,7.089722485214027,1173.1453893442622,0.0600996613393577,25.106999966406878,2645.675512295082,4.099601058078305,50.784477459016394,100.8469262295082,4960.759272540984,2.834059148374744,0.030942172120645355,0.0586932871345653,2.4747016267109383,0.003306471989649933,1816.87332401109,0.13209512433192316,4.281059016393741,50.643193443338525,3.1499968098824493,158.11339953113807,0.09293646916128492,0.03248459526625969,4.279870181454803,8206.834289795992,0.5816491188297533,0.7037358133669609,0.9615548277413826,0.78514538197869,39.331923889636826,0.02671780343596808,106.50222222222222,0.1183358024691358,6.459766666666668,37.114444444444445,37714.92888888889,1947156.75,912.472659722944,0.07233922938251826,212.70444444444445,0.23633827160493828,0.4905420505678199,18.468789900099388,0.04027932228093718,5.947436110355714,0.04610655737704918,37244.52098765432,16.260515266534817,0.0005888706119896621,61.98793814128828,0.03315406329935623,0.0405321981070833,0.7404302450334783,0.14910793667697575,5.733353369822736,38.45102747443519,31.41790886666767,38.343700107503736,40.523186624494215,40.884033538034735,1810.0940562270332,28.470303694685057,0.3145183584036032,2283.6991264649037,1.2616466633922077,1816.2622453329827
oaizib_005,roi_1,24.0,56.0,2420178626.0,1.238188097533941,17.0,5.042272466573121,196.0,39.038018363830055,10.156051443924271,38.0,0.0,196.0,7.1461371999112595,41.158215047539706,0.7469900921534711,225185658.8433802,0.5305689221851689,170.03178812479106,4.543690935684541,4.28910194610466,0.45215702587815293,0.9691681273756314,0.33505728760070796,0.486025629791354,0.3164164678815062,0.9436059037081761,0.23392514828584135,0.8447002294328692,0.8436390641858544,0.9948771261788205,0.9650445622422811,-0.1585286842804362,0.5605837910826437,0.3018616377500015,2.0940780150224265,0.33837482247449435,2.255913764977336,0.4917244163316735,0.553130352110504,4.188156030044852,1.8922842581078905,0.32605635374408476,5.427224875139032,73300.67153690335,0.05130664260029436,44.289295945082294,758012.1466096629,0.3338454978900912,4.726412809604404,390.3025510296932,1722.7828118022396,105.84404939344898,0.3049849482696845,0.014638531909806185,0.09519793262274885,0.006531515226656473,164416.53356494085,0.35612262465288175,0.6021590613822186,5.19895140664364,25.250818864509217,109.29037988244248,6.798658677187503,0.3571827533260548,4.18263056145624,126791.53433845587,0.27122989536058206,0.32302186410739914,15.314767858220554,0.5291097059518938,2.946209281944808,0.2101914866515441,5390.574801177281,0.33756495717811263,1.6900430334289311,7.342162940697602,66662981.546621576,281765418.5096124,16965989.09763389,0.48152219981131245,4794.049282985785,0.3002097365511795,0.5635314746169096,4.1680920161334996,0.2714848930873816,4.351886023230592,0.011177466161024387,66654977.43249288,6252.778276381866,6.221472493509615e-06,11.922673033418288,0.003470093073468461,0.0004372761481364936,0.8465662108585915,0.5402340351151952,45.010813715815026,83.3172491737165,92.3621197724118,87.04689710031273,81.06265897532298,98.49933208776952,132911.93725808497,70.5335679321543,0.6791311485206558,18545.55351628941,0.13953264017420897,132931.4263206962
oaizib_005,roi_2,103.0,226.0,3504228550.0,2.914626383654787,68.0,2.800971718255655,346.0,173.7944587091332,38.91477246616748,183.0,24.0,322.0,28.33385028723276,180.22860868124297,-0.39545989679664406,326051146.09814465,0.15707223211199656,2277.8375091760026,60.84302400834759,354.0311357369109,-15.00617598500576,11.027143316336442,2.134421753411987,0.6750787247483496,1.0245860216726106,1.8891273588637547,1.0681869998184752,0.6248674875836451,0.5910221385228822,0.9895807473408068,0.9359828787118184,-0.17498925371660382,0.7810922737227834,0.4516374504977349,7.656320471961487,0.046081836266490234,5.144855001505274,0.700724615005067,0.1304421433225098,15.312640943922974,3.700515307065147,3.2903912674371076,6.828288913280053,6497.350886625078,0.06022701760852307,25.691634287937585,16945.1094724743,3.7259321685128617,59.55576978337242,103.24460284943595,7277.617411777792,1.7462879924026742,0.024297946368380337,0.05423067904847542,2.4252428189991706,0.0023110126333781033,10761.51762182965,0.1425144417659837,4.032060793424007,56.369449116843015,3.0380613310730524,194.65825267195746,0.06417392525207535,0.026655474931924827,4.179889919589989,44534.2082909156,0.5871793522475047,0.6997532181114091,0.9691379675666458,0.794023733310023,42.8251887154806,0.022652767847102757,508.7196309584828,0.1303740725162693,6.730029823447397,40.10123013839057,362036.7562788314,24969093.098411072,5606.651349893567,0.05385477577724764,1005.9164531009739,0.25779509305509324,0.5206750292862746,20.892222782482605,0.03010418844404178,6.028567155083579,0.03616948304149943,361272.365574791,73.7420662312849,0.00010314180689965492,58.419116482350724,0.02833961831460908,0.007490948292894296,0.8754288415166176,0.4413075316467821,36.79753678579692,83.38297932166107,71.78538984656012,64.03602597127816,82.59902799974344,82.60626922716031,10006.360100767766,72.99586498976583,0.2144601758900414,10471.001421695484,1.046434599219757,10037.793822612952
oaizib_005,roi_3,29.0,70.0,2758750368.0,1.5197934263786894,22.0,3.720666385254928,241.0,48.93060898082842,12.78894683635699,48.0,0.0,241.0,9.19273135844976,51.49407753316926,0.37848515691768353,256688085.96547684,0.40275468354633326,257.4355257573207,6.459198072519314,7.761266002343651,0.5253442371658654,1.534850306842314,0.3938965452193294,0.5914125403026961,0.36446797334520037,1.0107913742792205,0.25933441117766887,0.822261222391296,0.8206667298801514,0.9961232408006517,0.9670831604249608,-0.21171067823351786,0.6812165160176687,0.3422919407643186,2.4847447286274256,0.21486816271211698,2.7028712060673428,0.594342103328535,0.3326586686371456,4.969489457254852,2.267135107132058,0.48218671301541083,5.951982104387474,48662.37536933123,0.04677302576651848,40.204210832704796,419023.55623350386,0.4885049234537545,6.650728474020419,346.73467359481117,2214.68868332574,69.98579518301274,0.22053420397577658,0.014031757745043122,0.12234786741464558,0.004349357839231199,130962.87184766709,0.34469730371632246,0.6690646922537593,6.987035575046519,17.18784135580913,108.3724032876837,3.514920805027288,0.24400291723332088,4.220289543469489,108477.95571986363,0.28136180678232237,0.36507648507717716,9.353436799619383,0.5355433716359872,3.8976082627500612,0.14162753277223067,2610.270653103907,0.24814817502651462,1.9573408652581374,10.255727730772888,40170719.26551954,247012276.2642837,7734221.65796497,0.3403151369292739,3082.7636657476946,0.2930662292753774,0.5557937632524065,5.531502314377803,0.2022488395105311,4.811035828986477,0.010110592717758849,40160936.8350974,3222.3861157496194,8.129926197926957e-06,21.575323307532507,0.0035904276290591682,0.0010371636050062738,0.8947686529079468,0.6503431779027491,42.06856669221267,64.68671944538106,74.31508471881506,67.21496972488433,74.24657583066686,78.25966966479592,96788.48089892964,57.879648819177895,0.7395915417625107,13783.980111515306,0.14241343580863805,96803.51930630584
oaizib_005,roi_4,99.0,209.0,389002266.0,2.7328542684721766,68.0,2.094232886169789,310.0,154.17108796751162,35.25052413795429,154.0,34.0,276.0,27.34904509976076,159.6243760906416,0.005843618197941798,36194738.11549059,0.1621411704137264,1711.2170772403783,34.45713789066024,159.145626060408,0.052360064376484154,8.597301510639529,2.062965838509941,0.6106372901215432,1.033469179199499,1.7966544170659853,0.8975872487858608,0.6158518992362747,0.5810094726563922,0.986392482690703,0.9257658731810328,-0.1646758022459454,0.6975947803052532,0.46462283928252635,5.729176148418251,0.04123846161358339,4.954351150813005,0.619519908621403,0.07026118052327507,11.458352296836498,3.528821817217749,2.6650668372873674,6.6482602731874,1084.342372437283,0.07102524218492716,17.444002088044055,2475.40924870636,2.81638880073295,35.099954149472715,83.57103556690902,2816.600183402109,3.5353176603032526,0.043130963658067685,0.05101306549520192,1.7286256347077866,0.003012401904429175,1768.3044100943944,0.15967650106405756,2.8905824782305434,35.231775930484794,2.98167552627526,102.89341531025265,0.12751701211324104,0.043808595562205226,3.9070989938527907,6873.237072803711,0.5980728854601973,0.7256979609111659,0.8396721413192562,0.7918502004273414,27.83378056515557,0.035318834054794856,70.23616236162361,0.12958701542734985,5.726093054288477,34.11808118081181,56925.79520295203,2037194.2343173432,2024.8204003289488,0.07390048240965158,123.0479704797048,0.22702577579281327,0.4769460879447395,16.33433892958972,0.03719835957931102,5.780875757396885,0.035501408266195064,56132.36479963508,19.850478381520414,0.0006545274421066813,43.818793100278626,0.029133898620196684,0.03546468541005511,0.6349074724872391,0.09720548126778912,3.913369904641805,40.25873699304006,26.558615579232107,43.158103229215364,39.1369724768419,43.97683581615892,1414.060011512532,25.560572949779576,0.28757043498150087,2118.613738017104,1.4982488160109662,1420.518889237511
oaizib_005,roi_5,101.0,231.0,570007924.0,2.978269696252326,82.0,2.224067171720259,329.0,166.21310956301457,42.079290269171736,165.0,23.0,306.0,32.87755846102499,173.4437914315516,0.10287585584137533,53036419.92906659,0.1378959265380995,2455.950995544888,54.90886025357281,412.75325683287025,5.495427785758929,13.748331799492414,1.8156219432011107,0.7666349981994849,0.9315270394541366,1.7525700596292693,0.8920095264486635,0.6457004184238789,0.6169422253196272,0.9911038945620991,0.941329808786684,-0.24648513674026937,0.8521259119786675,0.4571596334676933,7.205933449582785,0.03722396868325484,5.175533948790971,0.7787996667314503,0.07233608278254974,14.411866899165572,3.840246928237616,3.890988435673381,7.09005788391719,1107.406269791007,0.058444493866952024,25.441267767090658,2612.8520160439098,4.008561413303675,55.40447540637534,113.7504749841672,5917.4134473295335,3.072856053114362,0.025627396077521684,0.04280406336085712,2.122816025214302,0.0014917589867293754,1754.42515120571,0.1367104547576032,4.026777719784459,55.87802457825155,3.5256543718528204,189.4124616606304,0.09248815585247841,0.025648122332645885,4.311979800541247,7215.727425161911,0.5463234213014412,0.6770270050827366,1.1372868488327965,0.7609042669468191,42.39903500749491,0.019751043154252076,64.43076923076923,0.12390532544378698,6.63655325443787,45.315384615384616,78689.35,4232765.092307692,1834.0851437426004,0.044479865859906494,116.43461538461538,0.22391272189349112,0.47290688324383734,20.660494819987786,0.022927846114382887,5.821028464674516,0.02744352966012244,77361.58852071007,13.643678672711076,0.0006613378098361486,53.53941705258093,0.027586400369816202,0.04806140186762009,0.7340386180275444,0.15565804349671183,5.660655626349782,36.365969269486285,30.592877283989456,36.1452685665954,37.64912409565441,38.48519367636381,1757.0434769717579,26.694025825805863,0.34220600482478564,2057.7131696464126,1.171122511545847,1763.0177450234073
